id,first_name,last_name,email,gender,date_birth,company_id
1,Jesse,Colbridge,jcolbridge0@unblog.fr,Male,2014-02-18,241
2,Wilek,Cainey,wcainey1@hostgator.com,Polygender,2019-11-28,156
3,Cedric,Inmett,cinmett2@cdbaby.com,Male,2017-06-02,430
4,Kizzie,Knolles-Green,kknollesgreen3@nbcnews.com,Female,1998-11-13,221
5,Luella,Lepard,llepard4@nydailynews.com,Non-binary,2004-10-21,99
6,Milena,Andrin,mandrin5@theguardian.com,Female,2013-02-09,753
7,Tonnie,Reddick,treddick6@is.gd,Male,2021-05-19,520
8,Karole,Mellanby,kmellanby7@usda.gov,Female,1990-07-22,271
9,Eulalie,Cremer,ecremer8@is.gd,Genderfluid,2018-05-31,585
10,Brandyn,de Juares,bdejuares9@zimbio.com,Male,2014-12-16,593
11,Emalee,McKeran,emckerana@xrea.com,Female,2006-05-16,318
12,Evvy,Rewan,erewanb@nyu.edu,Female,2002-11-09,506
13,Nealy,Rush,nrushc@weebly.com,Male,2015-01-12,831
14,Cristal,Job,cjobd@tripadvisor.com,Female,2007-07-17,676
15,Mac,Foulger,mfoulgere@mac.com,Male,1992-08-06,503
16,Meir,Gurry,mgurryf@oaic.gov.au,Male,1999-09-17,531
17,Ynes,Lanigan,ylanigang@squidoo.com,Female,2002-12-28,281
18,Millie,Olczyk,molczykh@smh.com.au,Female,2005-01-29,549
19,Chrisse,Dallmann,cdallmanni@oaic.gov.au,Male,2023-07-15,704
20,Dolli,Eberlein,deberleinj@weebly.com,Female,2009-04-04,178
21,Agnella,Verrick,averrickk@dell.com,Agender,2009-03-19,780
22,Alejandra,Hurle,ahurlel@ihg.com,Female,2005-07-07,747
23,Batholomew,Basezzi,bbasezzim@odnoklassniki.ru,Male,2002-10-02,692
24,Monica,Frugier,mfrugiern@cbslocal.com,Polygender,1995-08-18,867
25,Edward,MacLaughlin,emaclaughlino@artisteer.com,Male,1999-06-06,671
26,Gypsy,Balke,gbalkep@icio.us,Female,2013-01-03,688
27,Cliff,Wort,cwortq@ocn.ne.jp,Male,2014-10-29,985
28,Banky,Tolumello,btolumellor@zimbio.com,Male,1997-09-15,837
29,Daveta,Tester,dtesters@spotify.com,Agender,2000-06-15,913
30,Timoteo,Sheaber,tsheabert@dedecms.com,Male,1993-04-17,605
31,Prudence,Rodgers,prodgersu@earthlink.net,Female,2002-01-19,167
32,Zolly,Delete,zdeletev@mashable.com,Male,1998-08-15,577
33,Theda,Penketh,tpenkethw@reference.com,Female,1995-12-30,272
34,Lyell,Brandreth,lbrandrethx@vk.com,Genderfluid,2014-02-23,924
35,Cheston,Maciunas,cmaciunasy@purevolume.com,Non-binary,2022-07-25,434
36,Sharity,Farny,sfarnyz@cnbc.com,Female,2000-10-29,438
37,Faber,Marrett,fmarrett10@independent.co.uk,Male,2020-02-01,114
38,Dody,McFeate,dmcfeate11@salon.com,Female,2009-05-09,277
39,Jolie,Ethersey,jethersey12@imdb.com,Female,2000-05-22,355
40,Charmine,Drewell,cdrewell13@topsy.com,Female,2011-08-06,838
41,Aubrey,Foort,afoort14@dyndns.org,Female,1995-01-05,266
42,Filmer,Hanshaw,fhanshaw15@thetimes.co.uk,Genderfluid,2020-09-01,910
43,Yancey,Kleinerman,ykleinerman16@e-recht24.de,Genderqueer,2022-08-31,247
44,Bo,Bauer,bbauer17@bbc.co.uk,Male,1990-11-20,346
45,Filbert,Klus,fklus18@opensource.org,Male,2021-03-24,469
46,Cassandra,Hayfield,chayfield19@discuz.net,Female,1990-06-22,673
47,Brittaney,Duran,bduran1a@yolasite.com,Female,2005-11-06,734
48,Constantino,Summerrell,csummerrell1b@domainmarket.com,Male,2009-11-25,651
49,Orton,Tesimon,otesimon1c@aol.com,Male,2018-05-17,465
50,Danit,Berrington,dberrington1d@wordpress.org,Female,2017-01-03,68
51,Northrop,Ardley,nardley1e@sbwire.com,Polygender,1993-09-12,314
52,Fancie,Keppin,fkeppin1f@geocities.jp,Female,2023-10-09,729
53,Laureen,Welford,lwelford1g@vkontakte.ru,Female,2018-11-20,922
54,Rosalinde,Marconi,rmarconi1h@xrea.com,Female,1996-02-28,727
55,Jessee,Aikin,jaikin1i@issuu.com,Male,2008-09-15,237
56,Gardie,Kubica,gkubica1j@walmart.com,Male,2005-01-08,366
57,Karylin,Sams,ksams1k@blogtalkradio.com,Female,1997-04-25,722
58,Bayard,Borlease,bborlease1l@upenn.edu,Male,2022-11-24,143
59,Theo,Botley,tbotley1m@admin.ch,Female,2022-04-25,417
60,Peggi,Zoephel,pzoephel1n@house.gov,Genderfluid,1994-05-01,58
61,Ashil,Ell,aell1o@dropbox.com,Female,2014-12-29,519
62,Samaria,Urwin,surwin1p@nhs.uk,Female,2014-05-07,294
63,Hastings,Wootton,hwootton1q@histats.com,Male,1998-04-11,752
64,Garald,Eliasen,geliasen1r@freewebs.com,Male,1995-06-08,223
65,Darsie,Tartt,dtartt1s@privacy.gov.au,Female,2004-05-12,66
66,Roley,Klimes,rklimes1t@macromedia.com,Male,2001-12-09,118
67,Alis,Titman,atitman1u@yandex.ru,Female,1996-04-09,165
68,Laural,Whitehurst,lwhitehurst1v@amazon.co.jp,Female,2008-09-08,23
69,Dillon,Cattach,dcattach1w@cafepress.com,Male,2014-02-07,775
70,Bili,Crollman,bcrollman1x@reuters.com,Female,1991-08-26,995
71,Leoline,MacVanamy,lmacvanamy1y@edublogs.org,Genderfluid,1992-08-01,253
72,Thaine,Elrick,telrick1z@discovery.com,Male,2013-01-10,526
73,Myrilla,Decourt,mdecourt20@reverbnation.com,Female,1993-02-05,556
74,Chrissie,Rosenzwig,crosenzwig21@cbsnews.com,Female,1996-12-02,207
75,Celisse,Jose,cjose22@gravatar.com,Female,1995-04-21,976
76,Flint,Lushey,flushey23@icio.us,Male,2001-11-13,394
77,Prentice,Monk,pmonk24@mapy.cz,Male,2020-10-23,693
78,Rudiger,Cottill,rcottill25@businesswire.com,Male,1991-12-20,450
79,Brewster,Giffin,bgiffin26@fotki.com,Genderqueer,2002-03-09,666
80,Christyna,Lowndsbrough,clowndsbrough27@ucla.edu,Agender,2007-05-17,579
81,Grove,Bridat,gbridat28@kickstarter.com,Male,2000-08-22,444
82,Marie-jeanne,Muncer,mmuncer29@dion.ne.jp,Female,2004-05-11,142
83,Diane,Marrow,dmarrow2a@go.com,Female,2019-08-24,879
84,Clarie,MacPhee,cmacphee2b@umn.edu,Female,2016-05-27,202
85,Boot,Petr,bpetr2c@archive.org,Male,2001-07-14,440
86,Morten,Bryden,mbryden2d@tinyurl.com,Male,2017-10-25,194
87,Tibold,Ridulfo,tridulfo2e@blinklist.com,Male,1997-03-08,710
88,Jenine,Conew,jconew2f@wufoo.com,Female,2020-06-15,147
89,Willette,Fassmann,wfassmann2g@nydailynews.com,Female,2018-01-04,345
90,Ardis,Beloe,abeloe2h@intel.com,Female,2008-09-12,152
91,Jenni,Whitear,jwhitear2i@rediff.com,Female,1994-03-08,484
92,Charline,Brittian,cbrittian2j@wikispaces.com,Female,2012-08-24,64
93,Rowe,Deetlefs,rdeetlefs2k@bloglines.com,Non-binary,1999-07-15,762
94,Annette,Jorissen,ajorissen2l@dagondesign.com,Female,2020-07-18,77
95,Koralle,Giddings,kgiddings2m@elegantthemes.com,Agender,2006-01-13,369
96,Loleta,Krolak,lkrolak2n@4shared.com,Female,2019-12-28,268
97,Hobey,Gailor,hgailor2o@toplist.cz,Male,2011-08-01,98
98,Zacherie,Preedy,zpreedy2p@cpanel.net,Male,2010-04-25,980
99,Elwin,Girhard,egirhard2q@friendfeed.com,Male,2022-05-28,297
100,Juli,Muston,jmuston2r@reuters.com,Female,1992-06-05,496
101,Lilia,Schelle,lschelle2s@ibm.com,Female,2005-03-23,914
102,Kayle,Kundert,kkundert2t@omniture.com,Female,2005-03-09,319
103,Kelly,MacSweeney,kmacsweeney2u@tinypic.com,Female,2000-06-02,26
104,Leonardo,Kleinplatz,lkleinplatz2v@scientificamerican.com,Male,2002-06-08,360
105,Nadeen,Cowwell,ncowwell2w@fda.gov,Female,1993-03-02,930
106,Bartel,Bines,bbines2x@deviantart.com,Male,2015-12-21,205
107,Amerigo,Layfield,alayfield2y@apple.com,Agender,1994-04-07,975
108,Malina,Semmence,msemmence2z@columbia.edu,Polygender,2000-11-04,543
109,Clemmy,Embling,cembling30@bravesites.com,Bigender,2000-09-19,356
110,Angelina,Gonnelly,agonnelly31@prlog.org,Genderfluid,2009-10-05,120
111,Caprice,O'Geneay,cogeneay32@cnbc.com,Polygender,2006-12-09,743
112,Kyla,Ginnally,kginnally33@cmu.edu,Genderfluid,2006-03-21,958
113,Livvyy,Scipsey,lscipsey34@angelfire.com,Female,2016-12-13,180
114,Susan,Asser,sasser35@bbb.org,Female,1998-05-04,988
115,Royall,D'Souza,rdsouza36@ucsd.edu,Male,2020-02-25,567
116,Chaim,O'Bradane,cobradane37@netlog.com,Male,2004-05-12,584
117,Cristina,Cattemull,ccattemull38@accuweather.com,Female,1990-06-23,169
118,Ephraim,Benet,ebenet39@economist.com,Male,2007-11-01,625
119,Dimitry,Wedderburn,dwedderburn3a@histats.com,Male,2010-05-20,47
120,Giustina,Wraggs,gwraggs3b@boston.com,Female,2013-11-30,654
121,Kiersten,Licquorish,klicquorish3c@indiegogo.com,Female,1994-08-11,453
122,Hollis,Suggate,hsuggate3d@bbc.co.uk,Male,1996-02-17,787
123,Terrell,Sprowles,tsprowles3e@ycombinator.com,Male,2019-04-15,234
124,Gregorio,Lydford,glydford3f@issuu.com,Male,2012-10-08,464
125,Darrel,Brewin,dbrewin3g@instagram.com,Male,2016-02-02,866
126,Valerie,Deniseau,vdeniseau3h@businesswire.com,Female,1995-11-05,497
127,Dannye,Rolley,drolley3i@bizjournals.com,Female,2002-09-18,228
128,Doreen,Kincade,dkincade3j@weebly.com,Female,2013-07-19,313
129,Jan,Ewell,jewell3k@wufoo.com,Bigender,1995-01-04,989
130,Fan,Pickett,fpickett3l@vk.com,Female,2009-10-11,905
131,Lars,Gallehock,lgallehock3m@shop-pro.jp,Male,2013-11-25,28
132,Ronnica,Kitchener,rkitchener3n@princeton.edu,Female,2022-08-20,398
133,Wheeler,Ivasechko,wivasechko3o@studiopress.com,Male,2013-03-02,50
134,Kerrin,Caught,kcaught3p@washington.edu,Female,2020-07-17,456
135,Aryn,Drohan,adrohan3q@washington.edu,Female,2013-08-18,414
136,Pebrook,Corris,pcorris3r@behance.net,Male,2000-09-13,615
137,Lorne,Vasse,lvasse3s@edublogs.org,Male,2006-10-30,149
138,Alyse,MacGinney,amacginney3t@vinaora.com,Female,2002-05-12,468
139,Giacopo,Sharland,gsharland3u@rediff.com,Male,1996-04-02,145
140,Cicely,Parsand,cparsand3v@techcrunch.com,Female,2019-08-21,376
141,Lamont,Ewer,lewer3w@dropbox.com,Male,2008-01-22,330
142,Hatty,Harding,hharding3x@shareasale.com,Female,1991-12-21,342
143,Eadmund,Lorraine,elorraine3y@webmd.com,Male,2004-05-12,280
144,Carola,Eglinton,ceglinton3z@examiner.com,Female,2010-09-12,824
145,Saidee,Gabbitis,sgabbitis40@forbes.com,Female,2002-01-03,809
146,Cosimo,Casburn,ccasburn41@hexun.com,Genderqueer,1993-08-14,696
147,Anya,Creeghan,acreeghan42@last.fm,Female,2002-05-16,512
148,Maridel,Cowgill,mcowgill43@de.vu,Female,2005-09-04,782
149,Myriam,Daughtrey,mdaughtrey44@ca.gov,Female,2016-08-28,880
150,Jeremiah,Deroche,jderoche45@answers.com,Male,2017-06-04,164
151,Alasdair,Wigley,awigley46@eepurl.com,Male,2018-10-14,592
152,Vallie,Veltmann,vveltmann47@flickr.com,Female,2014-10-16,897
153,Effie,Riccio,ericcio48@merriam-webster.com,Female,2022-10-12,608
154,Mel,Cadman,mcadman49@examiner.com,Male,1990-12-31,891
155,Aubert,MacKellen,amackellen4a@spotify.com,Male,1999-07-22,522
156,Milissent,Tallach,mtallach4b@twitpic.com,Female,2022-06-29,554
157,Melony,Birchner,mbirchner4c@com.com,Female,1998-12-24,626
158,Caspar,Trathan,ctrathan4d@icq.com,Male,2011-04-21,436
159,Sonny,Bodell,sbodell4e@e-recht24.de,Non-binary,1996-05-01,203
160,Erskine,Skoof,eskoof4f@scientificamerican.com,Male,2022-03-05,79
161,Vittorio,Tisun,vtisun4g@unicef.org,Genderfluid,2017-08-10,195
162,Nalani,Tapin,ntapin4h@cmu.edu,Female,2003-12-16,713
163,Myrtie,Paquet,mpaquet4i@wikia.com,Genderfluid,2006-03-04,965
164,Ruddy,Pettyfer,rpettyfer4j@cafepress.com,Male,1997-08-13,616
165,Loise,Forst,lforst4k@youku.com,Female,2021-10-03,425
166,Garrott,Kahan,gkahan4l@craigslist.org,Male,1993-03-20,545
167,Jeffy,Gresch,jgresch4m@prlog.org,Male,2023-12-05,851
168,Simeon,Hackford,shackford4n@cloudflare.com,Male,1990-07-07,97
169,Lidia,Spawell,lspawell4o@amazon.co.uk,Female,2005-07-09,83
170,Coletta,Stiddard,cstiddard4p@bbc.co.uk,Female,2009-01-23,761
171,Linnet,Pauletti,lpauletti4q@vistaprint.com,Female,1998-12-20,586
172,Valerie,Bramah,vbramah4r@unicef.org,Female,1998-10-21,581
173,Addison,Scarlin,ascarlin4s@youtu.be,Male,1991-06-06,420
174,Elvin,Rogliero,erogliero4t@sourceforge.net,Male,2014-03-14,535
175,Rachele,Kacheler,rkacheler4u@dyndns.org,Female,1994-06-18,969
176,Agna,Garnett,agarnett4v@lulu.com,Female,1991-04-24,890
177,Belita,Chattock,bchattock4w@g.co,Female,2022-06-09,55
178,Arda,Franceschi,afranceschi4x@bloglovin.com,Female,2004-09-16,341
179,Meade,Dumphry,mdumphry4y@edublogs.org,Female,2012-09-08,296
180,Darrel,Brumbie,dbrumbie4z@deviantart.com,Male,2009-03-27,932
181,Zelma,Spread,zspread50@marriott.com,Female,2013-05-17,755
182,Austin,Weatherhill,aweatherhill51@webnode.com,Female,1998-05-16,940
183,Roley,Thurley,rthurley52@smugmug.com,Male,2020-05-28,193
184,Shane,Boutflour,sboutflour53@mlb.com,Bigender,2001-07-13,717
185,Jarvis,Petch,jpetch54@ocn.ne.jp,Male,2017-01-21,235
186,Hillel,Craven,hcraven55@4shared.com,Male,1991-01-27,310
187,Odey,Larcombe,olarcombe56@ebay.com,Male,2007-06-05,192
188,Quintus,Filipputti,qfilipputti57@blogtalkradio.com,Male,2017-08-24,600
189,Dwight,Buzine,dbuzine58@posterous.com,Male,2002-07-27,801
190,Suzanna,Penman,spenman59@flavors.me,Female,2002-09-15,840
191,Sherrie,West-Frimley,swestfrimley5a@nba.com,Female,1999-12-13,412
192,Heywood,Linneman,hlinneman5b@privacy.gov.au,Male,1999-08-15,966
193,Davy,Kynsey,dkynsey5c@taobao.com,Male,2015-07-04,306
194,Bowie,Churching,bchurching5d@oakley.com,Male,2011-05-25,590
195,Morry,Bysshe,mbysshe5e@qq.com,Male,1992-08-17,367
196,Robina,Carreyette,rcarreyette5f@issuu.com,Genderqueer,2004-04-28,544
197,Simona,Bletsoe,sbletsoe5g@epa.gov,Female,2020-10-23,525
198,Aimee,Whitlaw,awhitlaw5h@fda.gov,Female,2010-05-28,950
199,Caspar,Didsbury,cdidsbury5i@squarespace.com,Male,2016-01-19,977
200,Courtnay,McPhelim,cmcphelim5j@google.com.au,Male,2018-12-12,88
201,Ebony,Twining,etwining5k@bloglovin.com,Female,1995-10-27,474
202,Diane,Bownde,dbownde5l@geocities.com,Female,1991-06-30,162
203,Tamiko,Von Welldun,tvonwelldun5m@altervista.org,Female,2023-10-03,588
204,Alvinia,Tattershall,atattershall5n@nyu.edu,Female,2018-02-20,483
205,Leodora,McLachlan,lmclachlan5o@cbsnews.com,Female,1995-05-20,138
206,Courtnay,Doncom,cdoncom5p@usnews.com,Female,1994-04-17,397
207,Harriette,Hemphall,hhemphall5q@dropbox.com,Female,1991-10-05,845
208,Cristy,Bavister,cbavister5r@angelfire.com,Female,2008-04-25,669
209,Sonnie,Boardman,sboardman5s@blogspot.com,Female,1999-05-05,380
210,Timotheus,MacPadene,tmacpadene5t@umich.edu,Male,1995-08-08,25
211,Carley,Huddart,chuddart5u@nba.com,Female,2018-12-05,40
212,Ashely,Bedwell,abedwell5v@amazon.co.uk,Female,1995-04-07,338
213,Shelagh,Norsister,snorsister5w@msn.com,Female,2011-06-12,409
214,Milzie,Clemonts,mclemonts5x@dropbox.com,Female,1996-03-08,170
215,Artur,Comini,acomini5y@nature.com,Male,1990-04-14,80
216,Lelia,Robison,lrobison5z@blinklist.com,Female,1992-11-09,108
217,Orelee,Moizer,omoizer60@usgs.gov,Female,2013-01-06,487
218,Marion,Bonehill,mbonehill61@weather.com,Female,2009-02-03,999
219,Suki,Pelman,spelman62@angelfire.com,Female,2007-02-06,842
220,Thaxter,Phlippsen,tphlippsen63@prlog.org,Male,2008-04-30,919
221,Egbert,Shemwell,eshemwell64@usda.gov,Agender,2022-08-04,607
222,Samuel,Pohl,spohl65@is.gd,Male,2012-08-29,685
223,Gabriele,Boarer,gboarer66@vkontakte.ru,Male,2011-02-20,765
224,Dasha,Dawidowsky,ddawidowsky67@aboutads.info,Female,1992-07-14,510
225,Shandra,Warland,swarland68@digg.com,Female,1999-04-29,35
226,Eveline,Thunnercliff,ethunnercliff69@wp.com,Female,2004-08-19,960
227,Giles,Gowdridge,ggowdridge6a@disqus.com,Male,2011-10-04,480
228,Marika,Swindall,mswindall6b@merriam-webster.com,Female,1991-10-13,716
229,Berti,Henstridge,bhenstridge6c@washington.edu,Female,1997-09-12,87
230,Anatola,Dofty,adofty6d@toplist.cz,Female,2013-11-18,974
231,Chris,Yukhnin,cyukhnin6e@prlog.org,Female,2013-01-03,111
232,Berni,Atlee,batlee6f@usda.gov,Female,2016-07-07,568
233,Oliy,Roubert,oroubert6g@utexas.edu,Female,2022-08-24,181
234,Trever,Selwyne,tselwyne6h@epa.gov,Male,2003-07-17,274
235,Reynold,Frean,rfrean6i@e-recht24.de,Bigender,2023-08-16,486
236,Vicki,Sagrott,vsagrott6j@ow.ly,Female,2013-05-14,39
237,Barrett,Muehler,bmuehler6k@skyrock.com,Male,2020-12-09,877
238,Phelia,Eland,peland6l@bigcartel.com,Female,2016-07-28,758
239,Claudina,Thoma,cthoma6m@ustream.tv,Female,2007-02-01,911
240,Don,Critoph,dcritoph6n@stumbleupon.com,Male,2004-06-24,69
241,Jo ann,Gannicott,jgannicott6o@noaa.gov,Female,1995-09-09,833
242,Tymothy,Duffer,tduffer6p@google.co.jp,Male,2000-12-23,560
243,Lelah,Duligal,lduligal6q@wiley.com,Female,2003-12-23,628
244,Claus,Fereday,cfereday6r@scientificamerican.com,Male,2002-11-28,938
245,Booth,Cescot,bcescot6s@xinhuanet.com,Male,2013-10-22,403
246,Filia,Bowdidge,fbowdidge6t@wired.com,Genderfluid,2014-02-09,93
247,Maddy,Iggulden,miggulden6u@google.com,Female,2021-07-12,267
248,Bernetta,Need,bneed6v@free.fr,Female,2002-01-05,925
249,Marietta,Camerana,mcamerana6w@pinterest.com,Male,2006-06-05,157
250,Raeann,Winchcombe,rwinchcombe6x@indiegogo.com,Female,2008-08-17,662
251,Jeff,Sheering,jsheering6y@dion.ne.jp,Male,2009-05-17,781
252,Mickey,Cull,mcull6z@alibaba.com,Male,2021-03-01,423
253,Tristan,Handyside,thandyside70@slate.com,Male,1996-06-07,663
254,Major,Godbolt,mgodbolt71@epa.gov,Genderfluid,2006-08-07,337
255,Jareb,Rosnau,jrosnau72@ask.com,Male,2011-02-21,344
256,Alvira,Van de Vlies,avandevlies73@topsy.com,Female,1992-05-30,415
257,Emyle,Swynley,eswynley74@irs.gov,Female,2019-11-24,865
258,Cyndia,Sheeran,csheeran75@goo.gl,Female,2003-07-20,769
259,Johny,Shillabeer,jshillabeer76@hao123.com,Male,1998-07-03,963
260,Lucila,Krolak,lkrolak77@oracle.com,Genderfluid,2020-06-02,479
261,Kylie,Lownie,klownie78@china.com.cn,Female,2008-06-06,507
262,Cher,Diggle,cdiggle79@tripadvisor.com,Female,2015-02-16,386
263,Christi,Hutchings,chutchings7a@sphinn.com,Female,2006-08-08,853
264,Enriqueta,Dykes,edykes7b@devhub.com,Female,2019-12-19,796
265,Ario,Chatel,achatel7c@people.com.cn,Male,1997-09-18,24
266,Ellie,Marshalleck,emarshalleck7d@apache.org,Genderfluid,2021-02-18,967
267,Bartram,Heakey,bheakey7e@csmonitor.com,Male,2001-02-13,587
268,Tris,Smidmoor,tsmidmoor7f@admin.ch,Male,2019-11-02,233
269,Rayshell,Driscoll,rdriscoll7g@wikispaces.com,Female,2003-02-13,303
270,Buddy,Waszczyk,bwaszczyk7h@amazon.co.uk,Male,1993-05-22,481
271,Herman,Sandilands,hsandilands7i@whitehouse.gov,Male,2016-01-16,678
272,Ronny,Pennoni,rpennoni7j@cyberchimps.com,Polygender,2020-11-29,907
273,Annette,O'Doireidh,aodoireidh7k@pinterest.com,Female,1997-10-17,904
274,Shurwood,Brinkman,sbrinkman7l@wunderground.com,Male,2012-03-17,739
275,Toni,Brandrick,tbrandrick7m@intel.com,Female,2012-01-10,72
276,Laney,Largen,llargen7n@dailymotion.com,Male,2012-04-22,286
277,Felipe,Mahody,fmahody7o@shutterfly.com,Male,2023-03-31,460
278,Purcell,Bloom,pbloom7p@abc.net.au,Male,1999-06-23,847
279,Nils,Sclater,nsclater7q@google.com.au,Male,2006-03-12,623
280,Niki,Oxtiby,noxtiby7r@mtv.com,Female,2002-06-08,886
281,Nari,Brewster,nbrewster7s@huffingtonpost.com,Female,2015-03-08,209
282,Charline,Fuke,cfuke7t@addthis.com,Female,2013-01-09,790
283,Evy,Tivers,etivers7u@dagondesign.com,Female,2010-12-13,884
284,Cirilo,Lonsdale,clonsdale7v@i2i.jp,Male,2010-12-03,89
285,Blane,Bowes,bbowes7w@slashdot.org,Male,2001-01-10,135
286,Elwyn,Goulston,egoulston7x@intel.com,Male,2000-04-29,95
287,Corey,Reynoollds,creynoollds7y@nhs.uk,Female,2005-01-28,644
288,Boote,Snarie,bsnarie7z@fda.gov,Male,2001-07-25,690
289,Ulysses,Hawe,uhawe80@baidu.com,Male,2005-01-12,674
290,Gavin,Lugsdin,glugsdin81@wikimedia.org,Male,2010-05-25,6
291,Clarinda,Challice,cchallice82@istockphoto.com,Female,2005-05-09,828
292,Miranda,Smewings,msmewings83@oakley.com,Female,1993-04-12,491
293,Britney,Cowie,bcowie84@gizmodo.com,Female,2010-07-17,723
294,Cyrus,Boswood,cboswood85@miitbeian.gov.cn,Male,1993-11-13,433
295,Marinna,Dooler,mdooler86@epa.gov,Female,2010-11-05,807
296,Shandeigh,Ormonde,sormonde87@sohu.com,Female,2014-10-05,57
297,Tadio,Cogley,tcogley88@dmoz.org,Male,2003-08-11,7
298,Carola,Stanmer,cstanmer89@ustream.tv,Female,1991-05-06,902
299,Noah,Tucknott,ntucknott8a@gravatar.com,Bigender,2021-09-24,231
300,Shawnee,Ravenshear,sravenshear8b@google.nl,Female,2008-05-05,570
301,Audy,Kasher,akasher8c@mapy.cz,Non-binary,1997-01-19,75
302,Lenette,MacNess,lmacness8d@prnewswire.com,Female,2010-06-04,219
303,Daron,Garvill,dgarvill8e@webnode.com,Male,1991-06-10,317
304,Boot,Loudiane,bloudiane8f@nymag.com,Genderqueer,1994-06-18,947
305,Cyril,Laborda,claborda8g@cnbc.com,Male,2004-08-03,248
306,Ahmed,Chillingworth,achillingworth8h@nps.gov,Male,1997-01-16,991
307,Skippy,Torritti,storritti8i@hexun.com,Male,1997-06-22,895
308,Chelsy,O'Donnelly,codonnelly8j@seesaa.net,Female,1999-03-07,141
309,Darryl,Keyden,dkeyden8k@slashdot.org,Male,2009-02-13,786
310,Amery,Ikringill,aikringill8l@histats.com,Male,1993-02-19,689
311,Alexei,Fairbourn,afairbourn8m@facebook.com,Male,2010-12-22,123
312,Gary,Alderton,galderton8n@angelfire.com,Male,2001-04-21,684
313,Levi,Bracchi,lbracchi8o@rakuten.co.jp,Male,1997-01-12,377
314,Rock,Wreford,rwreford8p@uol.com.br,Male,2012-09-21,52
315,Phyllis,Jewster,pjewster8q@yellowpages.com,Female,1998-03-11,208
316,Damian,Blei,dblei8r@surveymonkey.com,Male,2010-07-22,22
317,Fraser,O'Driscoll,fodriscoll8s@csmonitor.com,Male,2015-04-23,564
318,Laraine,Schimoni,lschimoni8t@themeforest.net,Female,2022-04-09,511
319,Nikoletta,Eisold,neisold8u@ebay.com,Bigender,2019-01-08,477
320,Talbert,Dabell,tdabell8v@nbcnews.com,Agender,2012-07-17,820
321,Lisetta,Escalera,lescalera8w@meetup.com,Female,2023-02-16,213
322,Rina,Cota,rcota8x@fotki.com,Female,1999-10-17,151
323,Rozanne,Grzelak,rgrzelak8y@shareasale.com,Female,2006-10-14,876
324,Melany,Pattullo,mpattullo8z@theglobeandmail.com,Female,2012-05-26,375
325,Obadiah,Ferriman,oferriman90@163.com,Male,2023-05-03,245
326,Langsdon,McAllaster,lmcallaster91@sina.com.cn,Male,1992-05-23,926
327,Deonne,Blucher,dblucher92@myspace.com,Female,1997-08-13,1000
328,Brett,Barby,bbarby93@si.edu,Non-binary,2012-02-25,896
329,Wally,Sopp,wsopp94@tumblr.com,Male,2010-02-02,332
330,Gina,McGruar,gmcgruar95@webeden.co.uk,Female,1998-06-27,177
331,Antonino,Hartus,ahartus96@list-manage.com,Male,2004-06-15,612
332,Lothario,Staker,lstaker97@prweb.com,Male,2010-03-18,124
333,Gayelord,Houlson,ghoulson98@webs.com,Male,2010-03-09,984
334,Shepherd,Martine,smartine99@a8.net,Male,1998-08-28,846
335,Ekaterina,Burberye,eburberye9a@upenn.edu,Female,1997-04-27,263
336,Marlane,Gilmour,mgilmour9b@smh.com.au,Female,2004-06-23,43
337,Raven,Pepperell,rpepperell9c@gov.uk,Female,2000-01-16,17
338,Lyndell,Paolazzi,lpaolazzi9d@exblog.jp,Female,1995-05-22,540
339,Chas,Stubley,cstubley9e@deviantart.com,Male,1993-08-24,768
340,Toma,Popplestone,tpopplestone9f@moonfruit.com,Female,2020-07-26,445
341,Zilvia,Baudic,zbaudic9g@hao123.com,Female,1998-04-30,954
342,Vidovic,Janjusevic,vjanjusevic9h@google.it,Polygender,2018-06-28,499
343,Dorisa,Whysall,dwhysall9i@desdev.cn,Female,2023-06-28,405
344,Jo,Uridge,juridge9j@topsy.com,Male,2014-06-27,32
345,Colin,Jarlmann,cjarlmann9k@uol.com.br,Male,2001-11-23,384
346,Erhart,Devo,edevo9l@oakley.com,Male,1998-05-28,183
347,Leland,Gauler,lgauler9m@mozilla.org,Male,2021-12-11,546
348,Vasili,Wiffield,vwiffield9n@census.gov,Male,2002-05-05,29
349,Gayelord,Fitchett,gfitchett9o@simplemachines.org,Male,2000-05-03,259
350,Merrili,Powley,mpowley9p@digg.com,Female,2002-09-03,41
351,Lacey,Considine,lconsidine9q@blogspot.com,Female,1992-01-17,254
352,Bethena,Astles,bastles9r@time.com,Female,2019-09-29,955
353,Jules,Bowkett,jbowkett9s@xinhuanet.com,Male,2007-01-12,903
354,Antons,Vondrys,avondrys9t@jugem.jp,Male,2015-11-25,102
355,Clyde,Dominici,cdominici9u@github.io,Male,2021-08-08,952
356,Dusty,Phlippsen,dphlippsen9v@shop-pro.jp,Female,2008-07-08,929
357,Salvatore,Apps,sapps9w@kickstarter.com,Male,2011-12-13,916
358,Annadiana,Kirkbride,akirkbride9x@hostgator.com,Female,2015-11-24,339
359,Barny,Broadway,bbroadway9y@soup.io,Male,2017-08-14,518
360,Jennifer,Kuller,jkuller9z@joomla.org,Female,1993-02-14,385
361,Carlyle,Anmore,canmorea0@psu.edu,Male,2022-06-15,655
362,Wyatan,Baldinotti,wbaldinottia1@jigsy.com,Male,1997-01-12,244
363,Larissa,Mouton,lmoutona2@sourceforge.net,Female,2008-06-26,509
364,Svend,Conningham,sconninghama3@youku.com,Male,2000-06-01,850
365,Sula,Whyke,swhykea4@zdnet.com,Female,1994-07-09,82
366,Aubrette,Swatheridge,aswatheridgea5@state.tx.us,Genderfluid,2010-02-19,63
367,Claiborn,Lafayette,clafayettea6@columbia.edu,Male,1992-03-24,395
368,Winnie,Samsonsen,wsamsonsena7@bluehost.com,Male,2001-02-14,542
369,Walker,Vanne,wvannea8@theatlantic.com,Non-binary,1995-04-20,514
370,Mathias,O'Hogertie,mohogertiea9@latimes.com,Male,1996-01-10,610
371,Brittan,Seacroft,bseacroftaa@sbwire.com,Female,2014-10-24,646
372,Gan,Charrisson,gcharrissonab@themeforest.net,Male,1994-07-02,269
373,Cloe,Kohler,ckohlerac@goo.gl,Female,2010-10-01,815
374,Burch,Titterrell,btitterrellad@free.fr,Male,2015-11-12,832
375,Garwood,Pickerill,gpickerillae@ted.com,Male,1997-11-20,140
376,Flin,Mouth,fmouthaf@youtu.be,Male,2007-07-06,563
377,Barri,Roffey,broffeyag@smh.com.au,Male,1993-10-26,38
378,Herculie,Klejna,hklejnaah@hubpages.com,Male,1996-06-07,634
379,Ermanno,Dodgshon,edodgshonai@cnet.com,Male,2020-06-14,476
380,Prescott,Thieme,pthiemeaj@wp.com,Male,1992-11-18,636
381,Yoshiko,Rogans,yrogansak@businessweek.com,Female,2009-07-25,439
382,Farand,Pull,fpullal@w3.org,Genderqueer,1998-11-15,869
383,Nissy,Martyn,nmartynam@google.com.au,Female,2019-04-13,686
384,Ian,Forber,iforberan@a8.net,Male,2023-12-03,261
385,Yves,Faunch,yfaunchao@ucoz.com,Male,1996-02-16,494
386,Giorgi,Longrigg,glongriggap@about.com,Male,2010-11-16,990
387,Malia,Simonitto,msimonittoaq@wordpress.com,Genderfluid,2000-04-07,335
388,Melody,Ranvoise,mranvoisear@dion.ne.jp,Female,2022-03-26,728
389,Marshall,Gilcrist,mgilcristas@illinois.edu,Male,1992-03-04,470
390,Frazer,Dunckley,fdunckleyat@domainmarket.com,Male,2002-08-02,132
391,Bartlet,Weymont,bweymontau@springer.com,Male,2008-03-26,54
392,Cynthy,Densey,cdenseyav@merriam-webster.com,Female,2018-03-27,325
393,Libby,Le Estut,lleestutaw@odnoklassniki.ru,Female,2004-04-06,724
394,Haleigh,Cicco,hciccoax@narod.ru,Male,2006-04-06,778
395,Roseline,Tomaselli,rtomaselliay@nih.gov,Non-binary,2000-04-30,936
396,Gabriella,Mansion,gmansionaz@tripod.com,Female,2021-08-11,854
397,Adoree,Elks,aelksb0@census.gov,Female,2019-09-16,858
398,Josephine,Cleall,jcleallb1@taobao.com,Female,2003-02-18,61
399,Arlie,Callendar,acallendarb2@berkeley.edu,Female,2013-09-20,267
400,Berna,Stolle,bstolleb3@technorati.com,Female,2011-12-28,121
401,Gae,Pilger,gpilgerb4@mysql.com,Female,1993-10-16,972
402,Brietta,Rumsey,brumseyb5@cyberchimps.com,Female,2011-02-24,710
403,Wang,Canto,wcantob6@bizjournals.com,Male,1997-04-07,501
404,Rodolfo,Lopez,rlopezb7@hugedomains.com,Male,2012-03-11,855
405,Ansley,Oertzen,aoertzenb8@furl.net,Female,1991-10-12,856
406,Justino,Luscombe,jluscombeb9@narod.ru,Male,2012-06-20,252
407,Sharyl,Prevost,sprevostba@xinhuanet.com,Female,2022-05-06,82
408,Conway,Riccelli,criccellibb@webeden.co.uk,Male,1997-12-24,1000
409,Valentijn,Akett,vakettbc@wikimedia.org,Male,2008-02-16,853
410,Chick,Bracegirdle,cbracegirdlebd@mlb.com,Male,2014-02-05,8
411,Cullan,Drabble,cdrabblebe@bing.com,Male,2010-01-07,737
412,Dion,Gibbon,dgibbonbf@about.me,Male,1999-05-25,158
413,Selinda,Low,slowbg@dmoz.org,Genderqueer,2015-05-01,811
414,Anthony,Rosbrough,arosbroughbh@ft.com,Male,1998-08-29,684
415,Matilde,Uren,murenbi@bizjournals.com,Female,1996-11-01,113
416,Leeanne,Burdon,lburdonbj@123-reg.co.uk,Female,2004-12-09,71
417,Saunders,Maplethorpe,smaplethorpebk@elegantthemes.com,Male,1993-11-10,396
418,Rawley,Piris,rpirisbl@themeforest.net,Male,1996-03-11,675
419,Everard,Hinrichs,ehinrichsbm@senate.gov,Male,2017-04-21,531
420,Wilie,Vaissiere,wvaissierebn@icio.us,Female,2008-03-07,876
421,Franklyn,Elland,fellandbo@yolasite.com,Polygender,1992-02-12,221
422,Em,Allward,eallwardbp@marketwatch.com,Male,2020-08-26,395
423,Alain,Choat,achoatbq@wunderground.com,Genderqueer,1999-10-22,933
424,Silas,Roelofsen,sroelofsenbr@illinois.edu,Male,2020-10-10,790
425,Rafaellle,Castanos,rcastanosbs@php.net,Male,2023-12-13,260
426,Elmore,Vanichev,evanichevbt@cbsnews.com,Male,2007-03-02,801
427,Vitia,McIlwreath,vmcilwreathbu@symantec.com,Female,1992-12-23,216
428,Norman,Pudan,npudanbv@telegraph.co.uk,Male,2009-04-05,474
429,Nanni,Blucher,nblucherbw@goodreads.com,Female,2003-11-23,495
430,Alden,Innerstone,ainnerstonebx@dmoz.org,Male,1995-12-04,489
431,Delbert,Giacobo,dgiacoboby@tinypic.com,Male,2009-11-12,573
432,Terrie,Dracey,tdraceybz@blogger.com,Female,1997-05-16,878
433,Hallie,Eckley,heckleyc0@vk.com,Female,1999-05-05,530
434,Jedd,Harrill,jharrillc1@usa.gov,Male,2016-11-02,389
435,Tani,Goodreid,tgoodreidc2@fc2.com,Female,1990-10-17,351
436,Clyde,Hillam,chillamc3@berkeley.edu,Male,2022-07-06,322
437,Andriana,Boldock,aboldockc4@lycos.com,Agender,1990-01-14,488
438,Eb,De Cleyne,edecleynec5@mysql.com,Male,2005-05-31,112
439,Bryce,Reburn,breburnc6@elpais.com,Male,2017-04-13,13
440,Lucretia,Baike,lbaikec7@tinypic.com,Female,1999-08-03,376
441,Shell,Najera,snajerac8@arstechnica.com,Female,2013-08-29,247
442,Mead,Jarratt,mjarrattc9@wisc.edu,Female,2012-03-28,647
443,Alfred,Collum,acollumca@qq.com,Male,2021-01-06,75
444,Clevey,Schutt,cschuttcb@ifeng.com,Genderfluid,2005-01-29,774
445,Ilsa,Hulle,ihullecc@4shared.com,Female,2012-03-08,154
446,Larina,Skippings,lskippingscd@discovery.com,Female,2002-11-30,888
447,Kay,Fairest,kfairestce@tuttocitta.it,Female,1994-06-16,757
448,Dieter,Chucks,dchuckscf@weibo.com,Male,1997-05-02,149
449,Kiley,Gillhespy,kgillhespycg@comsenz.com,Non-binary,1995-12-04,326
450,Margi,Spinnace,mspinnacech@ucoz.ru,Female,1999-05-22,415
451,Olivette,Gofford,ogoffordci@answers.com,Female,2013-11-28,838
452,Diannne,Royse,droysecj@epa.gov,Female,2008-03-06,792
453,Merissa,Stockney,mstockneyck@seesaa.net,Female,2016-05-18,770
454,Oneida,Demelt,odemeltcl@timesonline.co.uk,Female,1992-01-25,188
455,Harper,Mussington,hmussingtoncm@domainmarket.com,Polygender,1997-04-02,234
456,Clevey,Hallin,challincn@purevolume.com,Male,2002-01-06,551
457,Tania,Verbeke,tverbekeco@youku.com,Female,2009-09-19,215
458,Rheta,Bramah,rbramahcp@hugedomains.com,Genderfluid,2005-12-28,903
459,Daisie,Yexley,dyexleycq@china.com.cn,Female,2017-10-14,949
460,Francois,Lockyer,flockyercr@flickr.com,Male,2012-01-27,9
461,Shaina,Peeters,speeterscs@miibeian.gov.cn,Female,2014-04-06,605
462,Bar,Krysztofiak,bkrysztofiakct@abc.net.au,Male,2004-09-26,441
463,Oberon,Monelli,omonellicu@slideshare.net,Male,1999-11-05,185
464,Rafaello,Canelas,rcanelascv@google.it,Male,2015-08-05,971
465,Paige,Alexander,palexandercw@economist.com,Non-binary,2001-01-15,780
466,Salvador,Trowler,strowlercx@multiply.com,Male,2015-12-08,34
467,Daron,Gilbart,dgilbartcy@biblegateway.com,Male,1998-04-15,540
468,Dixie,Aviss,davisscz@cbsnews.com,Female,2002-12-30,963
469,Monty,Vance,mvanced0@multiply.com,Male,1999-10-23,343
470,Selle,Truss,strussd1@ask.com,Female,1999-09-12,996
471,Tandi,Bohling,tbohlingd2@chicagotribune.com,Female,2021-02-06,253
472,Harmony,Dibley,hdibleyd3@mail.ru,Polygender,1999-11-08,147
473,Care,Fevers,cfeversd4@cnet.com,Male,2004-10-01,258
474,Eward,Jessope,ejessoped5@liveinternet.ru,Male,1991-05-26,835
475,Micki,Gately,mgatelyd6@ehow.com,Female,2017-12-06,61
476,Conan,Wakeling,cwakelingd7@china.com.cn,Male,1994-11-07,369
477,Brant,Pessold,bpessoldd8@china.com.cn,Male,2012-02-29,83
478,Jonas,St. Leger,jstlegerd9@youtube.com,Male,1999-10-28,6
479,Inna,Petters,ipettersda@acquirethisname.com,Non-binary,1993-03-23,55
480,Callean,Turfs,cturfsdb@harvard.edu,Male,2002-10-14,375
481,Hurley,Newbery,hnewberydc@kickstarter.com,Male,1990-06-11,927
482,Linnell,Stollhofer,lstollhoferdd@de.vu,Agender,1991-08-15,100
483,Gian,Hupe,ghupede@tiny.cc,Male,2001-04-19,204
484,Bonny,MacKettrick,bmackettrickdf@blogspot.com,Female,2012-12-19,475
485,Ashli,Proswell,aproswelldg@adobe.com,Female,1993-10-04,664
486,Derrick,Beazer,dbeazerdh@icq.com,Male,2019-02-11,561
487,Lavinia,Pock,lpockdi@artisteer.com,Agender,1990-01-26,28
488,Drona,Kearn,dkearndj@trellian.com,Female,2000-01-21,452
489,Abbey,Berrecloth,aberreclothdk@howstuffworks.com,Female,2022-09-24,547
490,Cullan,Wadeson,cwadesondl@nps.gov,Male,1998-06-18,645
491,Andre,Blowfelde,ablowfeldedm@ucsd.edu,Male,2017-09-18,898
492,Ezri,Stenson,estensondn@skype.com,Male,2021-05-10,765
493,Lynn,Barukh,lbarukhdo@cyberchimps.com,Agender,1990-06-05,899
494,Prisca,Denniston,pdennistondp@bing.com,Female,2003-08-14,481
495,Agatha,Bayley,abayleydq@examiner.com,Polygender,2009-12-09,485
496,Dougy,Eddowes,deddowesdr@fotki.com,Male,1990-05-09,301
497,Octavius,Sadd,osaddds@odnoklassniki.ru,Male,2005-07-15,873
498,Dionne,Tokell,dtokelldt@amazon.co.uk,Female,2014-07-13,526
499,Tallie,Olyet,tolyetdu@usgs.gov,Genderfluid,2006-06-28,358
500,Adriana,Jeffry,ajeffrydv@posterous.com,Female,1995-10-04,729
501,Moshe,Duignan,mduignandw@cornell.edu,Male,2008-05-17,394
502,Miner,Gianolini,mgianolinidx@people.com.cn,Male,2003-06-07,191
503,Pavia,Croot,pcrootdy@walmart.com,Female,1997-02-03,117
504,Amby,Kuschek,akuschekdz@constantcontact.com,Male,2008-06-01,852
505,Fanya,Walden,fwaldene0@spiegel.de,Female,2000-05-19,348
506,Lindie,Piper,lpipere1@simplemachines.org,Female,2021-10-07,171
507,Amity,Dufoure,adufouree2@baidu.com,Female,2014-07-03,796
508,Ealasaid,Suddock,esuddocke3@nifty.com,Female,1993-07-25,635
509,Cristina,Leamy,cleamye4@admin.ch,Female,1997-09-08,226
510,Emelen,Sotheby,esothebye5@ca.gov,Male,2017-12-07,477
511,Chrissie,Hedley,chedleye6@xinhuanet.com,Female,1992-06-07,925
512,Caril,Gallagher,cgallaghere7@apache.org,Female,2000-06-09,478
513,Randi,Amorts,ramortse8@businessinsider.com,Female,2003-03-26,299
514,Ethe,Rubinov,erubinove9@bluehost.com,Male,2011-03-06,455
515,Petronella,Haines,phainesea@bbc.co.uk,Female,2007-07-22,108
516,Irina,Dettmar,idettmareb@wordpress.com,Female,2019-03-30,402
517,Lanni,Tiptaft,ltiptaftec@mlb.com,Female,2006-08-24,382
518,Augy,Cogley,acogleyed@japanpost.jp,Male,2006-02-10,692
519,Cesya,Servis,cservisee@sina.com.cn,Non-binary,2009-10-19,2
520,Rab,Danels,rdanelsef@biglobe.ne.jp,Male,2023-12-09,989
521,Tove,Seaman,tseamaneg@google.fr,Female,2008-09-03,960
522,Albie,Hunte,ahunteeh@ucoz.com,Male,1996-12-07,176
523,Amalee,Barkaway,abarkawayei@washington.edu,Female,1994-08-28,623
524,Glen,Cossentine,gcossentineej@constantcontact.com,Female,2006-09-30,831
525,Aleksandr,Woolf,awoolfek@bluehost.com,Genderfluid,1993-06-19,506
526,Guntar,Patley,gpatleyel@ebay.co.uk,Male,2013-06-05,970
527,Errol,Gawith,egawithem@github.com,Male,1997-06-01,317
528,Gussy,Farrans,gfarransen@forbes.com,Female,2021-03-26,867
529,Margette,Braune,mbrauneeo@myspace.com,Polygender,2014-11-12,715
530,Charo,Tremethack,ctremethackep@marketwatch.com,Female,2011-05-01,502
531,Clerkclaude,Gosart,cgosarteq@state.tx.us,Male,2004-01-06,195
532,Devi,Redon,dredoner@people.com.cn,Female,1991-04-25,339
533,Matthiew,Norcock,mnorcockes@cdbaby.com,Male,2009-12-29,91
534,Tammie,Masden,tmasdenet@storify.com,Female,1997-04-12,827
535,Laurie,Sirmon,lsirmoneu@bravesites.com,Female,1996-08-22,397
536,Loy,Souch,lsouchev@nbcnews.com,Male,1996-11-03,109
537,Marti,Wallsam,mwallsamew@imageshack.us,Female,2007-05-19,822
538,Jacklyn,Oxe,joxeex@thetimes.co.uk,Female,2019-02-06,776
539,Minnnie,Stalman,mstalmaney@ucoz.com,Female,2014-04-05,712
540,Dugald,Swancock,dswancockez@youtube.com,Male,2006-09-25,870
541,Clim,Le Guin,cleguinf0@upenn.edu,Male,2007-10-11,79
542,Nance,Rex,nrexf1@multiply.com,Genderfluid,1991-11-12,144
543,Adlai,Pepineaux,apepineauxf2@xing.com,Male,1995-10-01,740
544,Wright,Fosdyke,wfosdykef3@dailymotion.com,Male,2022-07-01,702
545,Joline,Megainey,jmegaineyf4@cdbaby.com,Female,2012-03-25,883
546,Laurena,Roch,lrochf5@privacy.gov.au,Female,2012-01-17,511
547,Phylys,Yole,pyolef6@skyrock.com,Female,2008-12-20,894
548,Janine,Hambribe,jhambribef7@spiegel.de,Genderfluid,1994-07-18,760
549,Malory,Hateley,mhateleyf8@nature.com,Female,1990-05-12,263
550,Conrade,Hinners,chinnersf9@vimeo.com,Genderqueer,2012-04-02,998
551,Mommy,Mowett,mmowettfa@360.cn,Female,2016-06-12,686
552,Alfi,Lodevick,alodevickfb@ycombinator.com,Female,2003-01-07,775
553,Gasparo,Ellins,gellinsfc@foxnews.com,Male,1997-09-16,119
554,Phillipe,Pittle,ppittlefd@vinaora.com,Male,1990-07-21,230
555,Ringo,Auchterlony,rauchterlonyfe@sitemeter.com,Male,2004-09-15,570
556,Kasey,Westman,kwestmanff@joomla.org,Female,2004-10-25,391
557,Marjy,Lamminam,mlamminamfg@jimdo.com,Female,2016-04-25,819
558,Emmet,Nattrass,enattrassfh@hibu.com,Male,2002-05-30,390
559,Corliss,Crack,ccrackfi@jimdo.com,Female,2007-12-31,172
560,Montgomery,Symons,msymonsfj@miitbeian.gov.cn,Male,1993-07-21,270
561,Liam,Romao,lromaofk@nasa.gov,Male,1998-01-12,411
562,Regan,Trime,rtrimefl@gmpg.org,Genderfluid,1994-06-14,442
563,Lindi,Kaye,lkayefm@unc.edu,Female,2013-06-06,392
564,Ebeneser,Warne,ewarnefn@quantcast.com,Male,2024-01-22,929
565,Cortney,Crosi,ccrosifo@sphinn.com,Female,1993-11-12,585
566,Jerrold,Greenall,jgreenallfp@psu.edu,Male,2016-04-14,557
567,Herschel,Esom,hesomfq@columbia.edu,Male,1997-01-23,47
568,Keary,Goldingay,kgoldingayfr@examiner.com,Male,2017-07-12,882
569,Teresa,Fitzjohn,tfitzjohnfs@drupal.org,Female,2019-02-15,622
570,Estell,Whitmore,ewhitmoreft@webeden.co.uk,Female,2009-01-01,601
571,Quintin,MacMenamin,qmacmenaminfu@youtu.be,Male,2018-04-28,17
572,Ronny,Blaw,rblawfv@ebay.com,Male,2018-02-13,907
573,Micky,Coppard,mcoppardfw@com.com,Female,2002-03-04,431
574,Ilaire,Hasslocher,ihasslocherfx@nsw.gov.au,Male,1998-07-27,407
575,Thane,Turbitt,tturbittfy@cdbaby.com,Male,2009-07-01,746
576,Keri,Beche,kbechefz@usa.gov,Female,2019-04-21,1
577,Hermie,Grigoroni,hgrigoronig0@google.ca,Male,2006-02-18,420
578,Katina,Clayill,kclayillg1@homestead.com,Female,2004-03-07,101
579,Rodrigo,Alpin,ralping2@wikipedia.org,Male,2012-06-25,225
580,Egon,Escudier,eescudierg3@businessinsider.com,Male,1990-09-10,985
581,Lay,Viste,lvisteg4@angelfire.com,Male,2017-11-14,893
582,Merlina,Thrift,mthriftg5@prweb.com,Female,2007-08-25,735
583,Stephen,Ivanshintsev,sivanshintsevg6@fotki.com,Male,1991-06-21,797
584,Benoite,Kief,bkiefg7@diigo.com,Female,1993-05-20,594
585,Charil,Rahill,crahillg8@live.com,Non-binary,2024-01-25,521
586,Karrah,Foro,kforog9@shop-pro.jp,Female,2001-03-31,874
587,Vere,Coales,vcoalesga@berkeley.edu,Female,2016-11-13,50
588,Dov,Sculley,dsculleygb@yellowpages.com,Male,2019-08-07,897
589,Antonius,Nerval,anervalgc@vinaora.com,Male,1990-03-13,717
590,Adolphus,Garrity,agarritygd@shutterfly.com,Male,2010-01-17,400
591,Evan,Levensky,elevenskyge@instagram.com,Male,2000-08-08,541
592,Raimundo,Zannotti,rzannottigf@home.pl,Male,2018-02-25,527
593,Geralda,Venning,gvenninggg@berkeley.edu,Female,1995-05-11,184
594,Westbrook,Brookbank,wbrookbankgh@loc.gov,Male,1999-10-03,145
595,Veradis,Ashlin,vashlingi@technorati.com,Female,2023-01-14,366
596,Dorie,Edmondson,dedmondsongj@omniture.com,Male,2024-02-03,604
597,Tallia,Djorvic,tdjorvicgk@statcounter.com,Female,2018-12-27,161
598,Mellicent,Lates,mlatesgl@cdc.gov,Female,1997-05-08,133
599,Modestia,MacShane,mmacshanegm@usatoday.com,Female,2017-05-29,12
600,Giavani,Arnould,garnouldgn@narod.ru,Male,2014-02-09,493
601,Salomon,Thornhill,sthornhillgo@issuu.com,Male,2005-04-14,102
602,Zoe,Rundle,zrundlegp@parallels.com,Female,2019-04-27,741
603,Fabio,MacRorie,fmacroriegq@indiatimes.com,Male,2000-01-14,784
604,Tobe,Nevill,tnevillgr@google.it,Female,2015-10-12,462
605,Rori,Gunderson,rgundersongs@tumblr.com,Female,2005-06-12,166
606,Garv,Densell,gdensellgt@indiegogo.com,Male,2009-07-28,572
607,Mayer,Roots,mrootsgu@gizmodo.com,Male,1997-07-04,830
608,Shelton,Winch,swinchgv@fotki.com,Male,1992-06-15,879
609,Flss,Rodrigo,frodrigogw@oaic.gov.au,Female,2006-04-26,931
610,Dory,Solomon,dsolomongx@t.co,Male,2002-02-20,982
611,Barrie,Macvey,bmacveygy@xinhuanet.com,Female,2000-01-27,304
612,Joyan,Saxon,jsaxongz@sphinn.com,Female,2004-09-16,691
613,Tawsha,Levermore,tlevermoreh0@reddit.com,Female,2005-07-15,859
614,Mildred,Lorant,mloranth1@wikia.com,Female,1995-07-07,371
615,Maryrose,Fanner,mfannerh2@ucoz.ru,Female,2000-06-22,340
616,Ange,Dohmann,adohmannh3@imageshack.us,Male,2012-08-09,393
617,Timothy,Smissen,tsmissenh4@twitter.com,Male,2007-01-20,222
618,Atalanta,Westrey,awestreyh5@topsy.com,Female,2013-05-31,401
619,Annalise,Knatt,aknatth6@utexas.edu,Female,2012-09-23,646
620,Penelope,Worshall,pworshallh7@prweb.com,Female,2003-09-18,494
621,Natasha,Shovel,nshovelh8@google.com.hk,Female,2013-09-08,593
622,Otho,Flye,oflyeh9@parallels.com,Male,2020-02-13,789
623,Whitby,Trittam,wtrittamha@netvibes.com,Male,2002-07-24,886
624,Robbi,Lindenbaum,rlindenbaumhb@omniture.com,Female,2004-12-02,337
625,Mahala,Wims,mwimshc@miitbeian.gov.cn,Female,2000-09-17,344
626,Putnem,Morley,pmorleyhd@dagondesign.com,Male,2004-03-14,173
627,Sibley,Bonnier,sbonnierhe@webeden.co.uk,Agender,1997-10-06,766
628,Nissy,Mattessen,nmattessenhf@yahoo.co.jp,Female,2007-12-01,316
629,Eben,Barosch,ebaroschhg@phpbb.com,Male,2020-04-27,909
630,Rivy,Fidgeon,rfidgeonhh@google.de,Female,1998-03-08,589
631,Jens,Rhule,jrhulehi@eepurl.com,Male,2013-09-03,509
632,Felix,Chicotti,fchicottihj@pagesperso-orange.fr,Male,2015-11-06,363
633,Penelopa,Kinzett,pkinzetthk@yale.edu,Female,2015-06-07,579
634,Aveline,McNirlan,amcnirlanhl@netvibes.com,Female,2018-03-19,78
635,Roderich,Attow,rattowhm@phpbb.com,Male,2012-03-12,952
636,Thomas,Bennion,tbennionhn@salon.com,Male,1990-05-07,21
637,Jammal,Greathead,jgreatheadho@irs.gov,Male,2014-11-16,677
638,Hobie,Colliar,hcolliarhp@w3.org,Non-binary,2019-11-12,242
639,Miner,Kemmer,mkemmerhq@photobucket.com,Male,2008-10-12,25
640,Talyah,McKinley,tmckinleyhr@google.es,Female,1998-03-06,634
641,Myrilla,Katte,mkattehs@yandex.ru,Female,2005-12-05,341
642,Corrie,Maylard,cmaylardht@google.com,Male,2016-07-14,156
643,Samson,Borzoni,sborzonihu@youtube.com,Male,2017-06-02,321
644,Gail,Petrelli,gpetrellihv@fotki.com,Female,2020-09-06,427
645,Shelbi,Mattheis,smattheishw@examiner.com,Female,2007-08-22,661
646,Alexandr,Pettecrew,apettecrewhx@google.com.hk,Male,2004-06-08,505
647,Avivah,Clavey,aclaveyhy@youku.com,Female,1995-04-23,201
648,Shae,Sides,ssideshz@jalbum.net,Female,2016-12-07,498
649,Katharine,Bennetts,kbennettsi0@youku.com,Female,2016-12-06,617
650,Jordana,Riddett,jriddetti1@issuu.com,Female,1996-02-17,587
651,Mella,Jakeway,mjakewayi2@bizjournals.com,Female,2006-09-08,658
652,Dewain,Iannelli,diannellii3@issuu.com,Male,2023-01-31,544
653,Alyss,O'Nowlan,aonowlani4@zimbio.com,Female,2017-07-22,787
654,Patty,Persich,ppersichi5@desdev.cn,Female,2011-03-26,916
655,Bartram,Clarabut,bclarabuti6@netlog.com,Male,2015-11-17,685
656,Abel,Arens,aarensi7@prweb.com,Genderfluid,2011-04-19,218
657,Jehu,Skegg,jskeggi8@washington.edu,Male,2007-02-27,466
658,Joel,Temperton,jtempertoni9@blinklist.com,Male,1998-02-24,901
659,Cahra,Hoff,choffia@example.com,Female,2023-08-26,80
660,Kary,McMurty,kmcmurtyib@issuu.com,Female,2013-03-02,310
661,Myriam,Sabberton,msabbertonic@narod.ru,Female,1999-01-17,674
662,Xymenes,Benedyktowicz,xbenedyktowiczid@bloglovin.com,Male,1991-01-11,360
663,Julius,Thoms,jthomsie@google.de,Male,1991-04-12,525
664,Redford,Burfitt,rburfittif@feedburner.com,Male,2023-10-07,813
665,Morey,Inkles,minklesig@domainmarket.com,Male,1992-08-30,129
666,Karil,Illston,killstonih@cdc.gov,Female,2013-11-05,163
667,Adolphe,Dowdney,adowdneyii@cbc.ca,Male,1992-06-08,336
668,Bank,Glavias,bglaviasij@java.com,Male,2017-01-21,103
669,Ines,Hacaud,ihacaudik@thetimes.co.uk,Female,2020-01-20,211
670,Pooh,Littlefair,plittlefairil@csmonitor.com,Female,2018-10-17,193
671,Elene,Kinvan,ekinvanim@amazon.de,Female,2001-02-28,212
672,Byron,Ivanishev,bivanishevin@creativecommons.org,Male,1995-09-13,749
673,Channa,MacGilfoyle,cmacgilfoyleio@biglobe.ne.jp,Female,2018-10-07,535
674,Casandra,Hay,chayip@phoca.cz,Female,1998-10-05,251
675,Lou,Bunny,lbunnyiq@disqus.com,Agender,2019-11-26,650
676,Conchita,Dibb,cdibbir@twitter.com,Female,1992-06-04,966
677,Niki,Gavigan,ngaviganis@sciencedirect.com,Male,1990-05-30,847
678,Roldan,Schimpke,rschimpkeit@whitehouse.gov,Male,2018-01-09,588
679,Abramo,Merton,amertoniu@purevolume.com,Male,1994-06-15,388
680,Dion,Petruszka,dpetruszkaiv@ow.ly,Female,1997-07-18,890
681,Parker,Bridgwood,pbridgwoodiw@statcounter.com,Male,2015-08-03,508
682,Lurline,Hulk,lhulkix@dailymotion.com,Female,2001-04-03,669
683,Andeee,Andrivel,aandriveliy@bluehost.com,Female,2019-04-18,537
684,Gigi,Kears,gkearsiz@indiatimes.com,Female,2008-01-05,523
685,Curcio,Gaylard,cgaylardj0@cnet.com,Male,1991-05-31,231
686,Edi,Holby,eholbyj1@globo.com,Female,2001-10-10,52
687,Dalt,Dibdin,ddibdinj2@printfriendly.com,Male,2016-12-12,257
688,Rickert,Cheesman,rcheesmanj3@npr.org,Male,2005-09-01,954
689,Ruthann,Brognot,rbrognotj4@t-online.de,Female,1999-06-18,999
690,Addie,Hegg,aheggj5@bloglovin.com,Female,1998-12-14,135
691,Jarib,Yusupov,jyusupovj6@slideshare.net,Male,2014-09-03,596
692,Dodie,Casillis,dcasillisj7@jimdo.com,Female,2009-07-18,696
693,Anne-corinne,Paulin,apaulinj8@slashdot.org,Female,2000-02-06,274
694,Avigdor,Peckitt,apeckittj9@comcast.net,Male,2015-05-02,795
695,Seth,Skittrall,sskittrallja@hhs.gov,Non-binary,1996-10-28,681
696,Delbert,Couldwell,dcouldwelljb@sphinn.com,Male,1992-11-20,602
697,Chicky,Moules,cmoulesjc@who.int,Agender,2023-10-10,930
698,Dean,Potten,dpottenjd@geocities.com,Male,2014-06-21,969
699,Sheffie,Tipping,stippingje@exblog.jp,Male,2017-11-17,848
700,Loria,Hrinchenko,lhrinchenkojf@weather.com,Female,2012-06-09,690
701,Alverta,Critchell,acritchelljg@shutterfly.com,Female,1994-12-08,308
702,Nikola,Bockman,nbockmanjh@timesonline.co.uk,Male,2022-10-15,961
703,Rhodia,Shilston,rshilstonji@plala.or.jp,Female,2007-11-20,679
704,Doroteya,Goring,dgoringjj@de.vu,Genderfluid,1996-02-29,136
705,Antonia,Lancastle,alancastlejk@weebly.com,Female,2006-02-21,265
706,Jason,Trett,jtrettjl@arizona.edu,Male,2019-09-21,937
707,Maure,Crossland,mcrosslandjm@gmpg.org,Female,2017-01-20,542
708,Myca,Cromley,mcromleyjn@salon.com,Male,2022-08-12,637
709,Reese,Durrad,rdurradjo@lulu.com,Male,2022-01-10,148
710,Bernardine,Filyakov,bfilyakovjp@reference.com,Agender,2003-01-03,68
711,Erin,Rowlings,erowlingsjq@sourceforge.net,Female,1997-02-06,138
712,Ransell,Heugh,rheughjr@i2i.jp,Male,1992-01-14,256
713,Lombard,MacGiolla Pheadair,lmacgiollapheadairjs@about.me,Male,1997-09-30,307
714,Cobbie,Tolson,ctolsonjt@unblog.fr,Genderfluid,2015-11-21,10
715,Beatriz,Eliff,beliffju@1688.com,Female,1997-05-29,518
716,Yuri,Soggee,ysoggeejv@list-manage.com,Male,1994-08-22,721
717,Margalo,Ingle,minglejw@webnode.com,Female,2007-05-06,619
718,Marcella,Dunmore,mdunmorejx@ihg.com,Female,2020-09-19,159
719,Danya,Byfford,dbyffordjy@delicious.com,Bigender,1995-01-23,463
720,Steffi,Rafe,srafejz@is.gd,Female,2017-01-07,581
721,Cosimo,Condict,ccondictk0@nationalgeographic.com,Male,1998-11-27,973
722,Jeniffer,Tolumello,jtolumellok1@europa.eu,Female,1997-02-18,713
723,Ferdinand,Fantin,ffantink2@wsj.com,Male,1994-07-20,207
724,Roana,Hebard,rhebardk3@howstuffworks.com,Genderfluid,2003-04-10,54
725,Gerrilee,Gylle,ggyllek4@about.com,Female,1990-02-23,942
726,Iorgo,Speed,ispeedk5@wikispaces.com,Male,2013-05-09,23
727,Lewie,Bellany,lbellanyk6@github.com,Male,2002-08-25,725
728,Travers,Petric,tpetrick7@etsy.com,Male,2005-01-20,361
729,Jacklyn,Bausor,jbausork8@biglobe.ne.jp,Female,1992-09-15,97
730,Zonda,Pherps,zpherpsk9@hhs.gov,Female,2020-09-05,398
731,Etti,Rabbe,erabbeka@yellowbook.com,Female,1997-10-28,470
732,Hyacintha,Beglin,hbeglinkb@oracle.com,Female,2011-12-19,507
733,Iain,Dayes,idayeskc@ow.ly,Male,1996-02-11,306
734,Broderic,Treadway,btreadwaykd@taobao.com,Male,2022-07-30,190
735,Lora,McAvin,lmcavinke@dell.com,Female,2022-09-04,134
736,Trip,Jannequin,tjannequinkf@china.com.cn,Male,2019-12-06,866
737,Mechelle,Marin,mmarinkg@bbb.org,Female,2005-11-15,146
738,Adham,Iredale,airedalekh@fastcompany.com,Male,2008-07-10,615
739,Darcie,Piscot,dpiscotki@about.com,Female,2018-01-17,543
740,Daveen,Lippi,dlippikj@cnet.com,Female,2020-10-20,63
741,Marcelline,Litt,mlittkk@histats.com,Female,2007-10-09,311
742,Farlie,Fero,fferokl@archive.org,Male,2008-08-13,817
743,Frants,Cheales,fchealeskm@opensource.org,Male,1990-06-05,303
744,Ursola,Shilling,ushillingkn@harvard.edu,Female,2012-06-09,403
745,Baird,Macak,bmacakko@chronoengine.com,Male,2008-09-26,714
746,Paolina,Paxton,ppaxtonkp@chicagotribune.com,Female,2011-06-14,565
747,Seumas,Griswaite,sgriswaitekq@home.pl,Non-binary,1993-07-09,939
748,Rabbi,Arrington,rarringtonkr@artisteer.com,Male,2012-11-07,479
749,Reinold,Graeber,rgraeberks@weebly.com,Male,2021-07-31,828
750,Wilek,Coffey,wcoffeykt@liveinternet.ru,Genderqueer,1991-06-02,413
751,Heddie,de'-Ancy Willis,hdeancywillisku@rakuten.co.jp,Genderqueer,2016-07-10,607
752,Farly,Daile,fdailekv@odnoklassniki.ru,Male,2023-06-23,412
753,Sunny,Bichard,sbichardkw@nih.gov,Male,2002-05-20,419
754,Fraze,Kleinholz,fkleinholzkx@aboutads.info,Male,1991-07-08,51
755,Adiana,Rentoll,arentollky@umn.edu,Non-binary,1994-05-01,576
756,Kippie,Gerren,kgerrenkz@berkeley.edu,Agender,1992-11-30,386
757,Cristiano,Molohan,cmolohanl0@ucoz.com,Male,2013-01-01,837
758,Dillie,Thackeray,dthackerayl1@booking.com,Male,2023-03-05,11
759,Jemima,Stenners,jstennersl2@omniture.com,Female,2021-04-23,652
760,Nathalia,Asipenko,nasipenkol3@freewebs.com,Female,2008-11-16,49
761,Sharron,Guiso,sguisol4@sogou.com,Female,1993-02-26,849
762,Franni,Abercrombie,fabercrombiel5@blogs.com,Female,1993-07-31,630
763,Kitty,Erickson,kericksonl6@fc2.com,Female,1997-03-25,810
764,Judith,Maleney,jmaleneyl7@storify.com,Female,2016-03-20,839
765,Frans,Vosse,fvossel8@live.com,Male,2002-02-20,209
766,Jorrie,Ervine,jervinel9@sina.com.cn,Female,1993-08-05,732
767,Lauren,Pyrton,lpyrtonla@wordpress.com,Male,2007-03-06,798
768,Shelba,Jeger,sjegerlb@skyrock.com,Female,2022-12-12,863
769,Natty,Ings,ningslc@meetup.com,Male,2024-01-03,183
770,Harbert,Hanning,hhanningld@1688.com,Male,2016-06-13,37
771,Gus,Hamblington,ghamblingtonle@i2i.jp,Male,2012-08-05,638
772,Della,Merit,dmeritlf@nymag.com,Female,2003-11-18,734
773,Douglas,Allsebrook,dallsebrooklg@tuttocitta.it,Male,2003-03-03,590
774,Kit,Asser,kasserlh@taobao.com,Female,2024-02-05,564
775,Dewey,Normabell,dnormabellli@devhub.com,Male,2006-02-18,575
776,Curcio,Latek,clateklj@sakura.ne.jp,Polygender,2019-09-30,142
777,Cornie,Karolowski,ckarolowskilk@harvard.edu,Female,1992-09-11,997
778,Weylin,McGilvra,wmcgilvrall@uiuc.edu,Male,2008-03-16,248
779,Bidget,Dutteridge,bdutteridgelm@mapquest.com,Female,2018-06-27,334
780,Kiersten,Shorto,kshortoln@scientificamerican.com,Female,2010-01-17,911
781,Ximenes,Matushevitz,xmatushevitzlo@dmoz.org,Male,1997-06-12,748
782,Annaliese,Craster,acrasterlp@digg.com,Genderqueer,1993-05-11,687
783,Conny,Saph,csaphlq@state.gov,Female,1998-03-31,484
784,Abagail,Aslie,aaslielr@unesco.org,Female,2021-05-04,425
785,Madelina,Tingcomb,mtingcombls@ning.com,Genderqueer,2008-07-19,656
786,Davine,MacPhaden,dmacphadenlt@google.fr,Female,2023-12-16,571
787,Carley,Brommage,cbrommagelu@shutterfly.com,Female,1996-02-26,955
788,Marlee,Hackly,mhacklylv@blinklist.com,Female,2004-12-07,981
789,Nikolas,Couldwell,ncouldwelllw@uol.com.br,Male,1992-09-05,726
790,Katlin,Menpes,kmenpeslx@plala.or.jp,Female,2019-01-28,939
791,Edee,Pumphreys,epumphreysly@google.co.jp,Female,2017-08-01,326
792,Pauli,Klimowski,pklimowskilz@weather.com,Female,2009-01-22,830
793,Corbie,Sayles,csaylesm0@blog.com,Male,1998-06-18,172
794,Mattie,Peddersen,mpeddersenm1@ow.ly,Female,1999-04-03,13
795,Luella,Dibbert,ldibbertm2@hostgator.com,Female,2023-08-14,725
796,Philippa,MacKim,pmackimm3@naver.com,Female,2002-08-16,678
797,Reese,Rabjohns,rrabjohnsm4@umich.edu,Male,2007-10-27,104
798,Jessalyn,Maggi,jmaggim5@blogtalkradio.com,Female,2001-04-20,554
799,Ninnetta,Mantz,nmantzm6@acquirethisname.com,Female,2020-08-22,527
800,Ephraim,Dust,edustm7@jimdo.com,Male,2018-10-17,80
801,Tim,Corbett,tcorbettm8@ihg.com,Female,1993-04-01,481
802,Sergei,Nelligan,snelliganm9@macromedia.com,Male,2004-08-17,495
803,Sunny,Demongeot,sdemongeotma@psu.edu,Male,2016-08-06,137
804,Yale,Cartmell,ycartmellmb@etsy.com,Male,2018-09-18,95
805,Egor,Ketchaside,eketchasidemc@vk.com,Male,2000-07-15,999
806,Carlo,Nettles,cnettlesmd@virginia.edu,Male,1995-07-25,286
807,Sinclair,Collumbine,scollumbineme@blogspot.com,Male,2013-03-23,880
808,Cassius,Fassan,cfassanmf@state.gov,Agender,2008-10-30,904
809,Elwira,Braunston,ebraunstonmg@bizjournals.com,Female,1993-01-07,281
810,Say,Bruff,sbruffmh@cornell.edu,Male,2011-03-24,37
811,Jerome,Ebdon,jebdonmi@princeton.edu,Male,2006-09-11,2
812,Parke,Boays,pboaysmj@geocities.jp,Male,2018-04-22,612
813,Moria,Slemming,mslemmingmk@soundcloud.com,Female,2022-10-15,764
814,Anabella,Eric,aericml@adobe.com,Female,2022-09-28,451
815,Alethea,Edland,aedlandmm@telegraph.co.uk,Female,2005-05-15,472
816,Dame,Cuskery,dcuskerymn@people.com.cn,Male,1991-10-19,312
817,Noel,Erratt,nerrattmo@marketwatch.com,Male,2015-09-21,565
818,Kitti,Martonfi,kmartonfimp@linkedin.com,Female,1996-08-15,143
819,Godiva,Digginson,gdigginsonmq@reddit.com,Female,1991-07-01,443
820,Sheffie,Pixton,spixtonmr@webnode.com,Male,2015-04-17,79
821,Cross,Venable,cvenablems@dyndns.org,Male,2022-10-24,168
822,Munmro,Torpie,mtorpiemt@wikipedia.org,Male,2002-12-27,33
823,Finn,Gledstane,fgledstanemu@github.io,Male,1997-02-28,420
824,Natasha,Yarrington,nyarringtonmv@jugem.jp,Agender,2009-07-15,474
825,Jo,Gallichan,jgallichanmw@netscape.com,Male,2016-09-28,733
826,Filippo,Daal,fdaalmx@shutterfly.com,Male,1993-09-12,9
827,Guendolen,Schurig,gschurigmy@prlog.org,Female,2000-12-28,36
828,Warren,Benford,wbenfordmz@alibaba.com,Polygender,1997-10-13,868
829,Bette-ann,Tilt,btiltn0@uiuc.edu,Female,1992-06-09,662
830,Tory,Massie,tmassien1@cam.ac.uk,Female,2015-04-11,410
831,Jock,Passfield,jpassfieldn2@webnode.com,Male,2019-12-22,265
832,Dionysus,Applegate,dapplegaten3@sfgate.com,Male,2003-12-05,908
833,Stinky,Vater,svatern4@princeton.edu,Male,2022-08-28,875
834,Nevin,Wordsley,nwordsleyn5@wikia.com,Male,2000-03-08,773
835,Stephenie,Dawley,sdawleyn6@upenn.edu,Female,2014-06-08,456
836,Melisandra,Bill,mbilln7@163.com,Female,2006-08-10,804
837,Kirk,Yerborn,kyerbornn8@army.mil,Male,2010-09-25,273
838,Putnam,Lynagh,plynaghn9@jigsy.com,Male,1997-02-25,32
839,Natalya,Stannard,nstannardna@patch.com,Female,1994-10-18,863
840,Johnette,Ranby,jranbynb@seesaa.net,Female,2003-03-04,395
841,Artie,Beddow,abeddownc@usatoday.com,Male,1996-10-03,572
842,Jarrod,Farnhill,jfarnhillnd@baidu.com,Male,2023-04-08,255
843,Benn,Tows,btowsne@networkadvertising.org,Male,2003-01-16,817
844,Dene,Awmack,dawmacknf@hatena.ne.jp,Male,2000-08-05,196
845,Robinetta,Zoppie,rzoppieng@weebly.com,Female,2018-09-04,503
846,Laurie,Pauler,lpaulernh@sourceforge.net,Male,1990-06-23,739
847,Elisha,Hovie,ehovieni@ft.com,Male,2007-07-31,81
848,Dino,Guitton,dguittonnj@sitemeter.com,Male,2018-12-27,113
849,Adelheid,Jakobssen,ajakobssennk@ycombinator.com,Female,2017-03-25,613
850,Cornelius,McCaw,cmccawnl@pcworld.com,Male,1990-03-19,849
851,Farlay,Gallahue,fgallahuenm@list-manage.com,Male,2010-06-03,581
852,Brit,Northill,bnorthillnn@dropbox.com,Male,1995-03-23,442
853,Clem,Bywater,cbywaterno@linkedin.com,Female,1999-04-23,523
854,Ros,Bushel,rbushelnp@cnet.com,Female,2000-11-11,352
855,Artemus,Carvell,acarvellnq@dell.com,Male,2007-02-24,346
856,Hersh,Simonazzi,hsimonazzinr@paginegialle.it,Genderqueer,1990-07-19,246
857,Boycie,Skiggs,bskiggsns@hp.com,Male,2014-11-14,22
858,Hamish,Dhennin,hdhenninnt@wisc.edu,Male,1991-12-27,159
859,Kelwin,Swindall,kswindallnu@typepad.com,Male,1999-01-05,417
860,Amalea,Edsell,aedsellnv@wordpress.org,Female,1996-02-26,981
861,Griff,Hyde,ghydenw@state.tx.us,Male,2016-10-27,899
862,Eloisa,Graysmark,egraysmarknx@lulu.com,Female,2022-05-24,592
863,Camala,Dulson,cdulsonny@examiner.com,Female,1998-12-18,446
864,Mirabelle,Vondracek,mvondraceknz@yellowpages.com,Female,2016-09-11,347
865,Liva,Infante,linfanteo0@wordpress.com,Female,2003-03-28,801
866,Barbaraanne,Potkin,bpotkino1@aboutads.info,Female,2000-08-01,723
867,Catarina,Roark,croarko2@comcast.net,Female,2022-08-31,734
868,Derby,Bowery,dboweryo3@fotki.com,Male,2004-02-03,602
869,Nicholle,Mackelworth,nmackelwortho4@xinhuanet.com,Female,2014-09-26,869
870,Dare,Fugere,dfugereo5@mysql.com,Male,1991-01-22,187
871,Marty,Zorzin,mzorzino6@goo.gl,Genderfluid,2018-11-26,632
872,Fritz,Ebbetts,febbettso7@earthlink.net,Male,1999-12-20,896
873,Alexi,Bradneck,abradnecko8@biblegateway.com,Female,2010-04-12,61
874,Dino,Donnellan,ddonnellano9@blogger.com,Male,2011-12-17,7
875,Wash,Petasch,wpetaschoa@w3.org,Male,2016-02-19,930
876,Felizio,Kringe,fkringeob@scribd.com,Male,2021-09-09,839
877,Cherish,Frayling,cfraylingoc@pagesperso-orange.fr,Female,1993-07-01,185
878,Sela,Basnall,sbasnallod@ebay.com,Female,2001-06-10,175
879,Briggs,Giraldez,bgiraldezoe@miitbeian.gov.cn,Male,2006-10-18,649
880,Rafferty,Rudolf,rrudolfof@bing.com,Male,1998-08-14,413
881,Marchelle,Hellwing,mhellwingog@blogtalkradio.com,Female,2017-09-10,154
882,Bernhard,Duer,bdueroh@stanford.edu,Polygender,2019-07-31,4
883,Ken,Ligoe,kligoeoi@google.ru,Male,2006-01-12,207
884,Hedda,Timmis,htimmisoj@mozilla.com,Female,2021-04-16,48
885,Calhoun,Keitley,ckeitleyok@themeforest.net,Male,2019-04-16,850
886,Monica,Meininger,mmeiningerol@nytimes.com,Female,2018-05-01,838
887,Fletch,Hattiff,fhattiffom@ucoz.ru,Male,2014-03-13,879
888,Tiffanie,Atheis,tatheison@discuz.net,Female,2000-04-03,135
889,Tabbitha,Schumacher,tschumacheroo@noaa.gov,Female,2012-03-02,433
890,Abel,Clowney,aclowneyop@europa.eu,Male,1991-08-30,383
891,Ruperta,Ferneley,rferneleyoq@dot.gov,Female,2012-12-13,68
892,Francine,Askam,faskamor@bluehost.com,Female,2023-09-26,953
893,Barbabra,Parffrey,bparffreyos@delicious.com,Female,1993-06-16,422
894,Jacquelin,Gall,jgallot@vkontakte.ru,Female,2001-08-29,954
895,Elisha,Mayers,emayersou@quantcast.com,Female,1997-09-21,224
896,Rriocard,Snow,rsnowov@51.la,Male,2009-05-31,814
897,Goldina,Shyre,gshyreow@technorati.com,Female,2008-12-23,625
898,Constantina,Samme,csammeox@drupal.org,Female,1991-06-02,90
899,Lesley,Targetter,ltargetteroy@51.la,Female,1998-02-11,25
900,Eryn,Huddleston,ehuddlestonoz@arizona.edu,Female,2002-05-22,206
901,Pietrek,Dancer,pdancerp0@nationalgeographic.com,Polygender,2022-05-16,927
902,Karoly,Cavet,kcavetp1@nih.gov,Male,1992-09-18,72
903,Tarrance,Tarver,ttarverp2@shinystat.com,Male,2008-05-03,781
904,Kirstyn,Lamberto,klambertop3@shutterfly.com,Bigender,1995-01-02,805
905,Diena,Ollier,dollierp4@mapy.cz,Female,1995-05-27,643
906,Filbert,McCoish,fmccoishp5@themeforest.net,Male,2007-06-11,712
907,Jeffry,Hallows,jhallowsp6@typepad.com,Male,2005-05-27,825
908,Roosevelt,Oury,rouryp7@nytimes.com,Male,2008-05-26,852
909,Gallard,Morrowe,gmorrowep8@mapquest.com,Male,2007-08-08,324
910,Wait,Carine,wcarinep9@bloglovin.com,Male,2005-10-08,548
911,Cairistiona,Belleny,cbellenypa@microsoft.com,Female,2007-05-29,253
912,Maurie,Nickolls,mnickollspb@nsw.gov.au,Male,1991-03-04,605
913,Tisha,Aiston,taistonpc@netlog.com,Female,2005-05-07,809
914,Marylinda,Jakubovski,mjakubovskipd@hp.com,Female,2008-10-04,77
915,Kalil,Redwall,kredwallpe@answers.com,Male,2010-08-19,813
916,Pierson,Astle,pastlepf@upenn.edu,Male,2001-12-19,458
917,Kathye,Fackrell,kfackrellpg@nba.com,Female,2018-08-28,597
918,Blanch,Showt,bshowtph@imageshack.us,Female,1991-09-08,432
919,Gabriella,Altoft,galtoftpi@phoca.cz,Female,2003-10-28,275
920,Oralia,Alcoran,oalcoranpj@mapquest.com,Female,1995-09-15,353
921,Jenelle,Netherclift,jnethercliftpk@ca.gov,Female,2009-09-23,178
922,Ethel,Vescovo,evescovopl@psu.edu,Female,2006-12-20,512
923,Valentine,Vittery,vvitterypm@alibaba.com,Female,2009-10-24,409
924,Margareta,MacIan,mmacianpn@economist.com,Female,2022-02-04,658
925,Andi,Cubbinelli,acubbinellipo@elegantthemes.com,Female,2007-05-20,536
926,Roland,Gianotti,rgianottipp@columbia.edu,Male,1997-06-08,626
927,Boothe,Brokenshire,bbrokenshirepq@geocities.com,Male,2021-09-16,815
928,Catherine,Cosbey,ccosbeypr@ucsd.edu,Female,1993-06-08,784
929,Feodor,Pawlata,fpawlataps@canalblog.com,Male,1996-05-01,870
930,Robinett,Pidwell,rpidwellpt@flickr.com,Bigender,2007-01-22,418
931,Nobie,Pittendreigh,npittendreighpu@domainmarket.com,Bigender,2008-11-08,101
932,Kippie,Coonan,kcoonanpv@livejournal.com,Male,2014-02-14,132
933,Fredrick,De Hoogh,fdehooghpw@blogspot.com,Male,1998-09-18,895
934,Ortensia,Pittendreigh,opittendreighpx@spiegel.de,Female,2005-12-23,675
935,Malvin,Ever,meverpy@wikia.com,Male,2006-07-04,50
936,Moises,Assur,massurpz@bluehost.com,Male,2011-01-21,78
937,Nike,Raunds,nraundsq0@baidu.com,Female,2013-02-08,672
938,Floria,Dearnaly,fdearnalyq1@behance.net,Female,2014-12-23,610
939,Nicol,Carbonell,ncarbonellq2@google.ru,Female,2006-10-30,706
940,Brooke,Spray,bsprayq3@storify.com,Male,2006-01-24,459
941,Deb,Mouser,dmouserq4@comsenz.com,Female,2019-07-27,331
942,Kathi,Perdue,kperdueq5@usatoday.com,Female,2003-06-08,819
943,Yvette,Bugler,ybuglerq6@utexas.edu,Female,1992-03-24,749
944,Forrest,Bennoe,fbennoeq7@msu.edu,Male,2016-03-08,504
945,Rudolph,Meachan,rmeachanq8@mayoclinic.com,Male,2001-10-12,445
946,Ora,Schimank,oschimankq9@netlog.com,Female,2011-03-26,394
947,Viviana,Darlington,vdarlingtonqa@cyberchimps.com,Female,2004-08-28,905
948,Case,Hissie,chissieqb@mozilla.org,Male,1996-09-03,408
949,Conrado,Wyld,cwyldqc@artisteer.com,Male,2020-03-07,827
950,Jonathon,Sangster,jsangsterqd@aol.com,Male,1993-07-19,93
951,Rozanna,Gollin,rgollinqe@nydailynews.com,Bigender,2019-08-13,642
952,Onida,Hamshar,ohamsharqf@wiley.com,Female,2010-05-09,687
953,Idaline,Forsythe,iforsytheqg@pbs.org,Non-binary,2023-11-09,881
954,Wren,Broker,wbrokerqh@house.gov,Female,2013-01-10,279
955,Millard,Fisbey,mfisbeyqi@biblegateway.com,Male,1990-12-21,690
956,Layney,Edson,ledsonqj@narod.ru,Female,1991-03-17,893
957,Vladimir,Laimable,vlaimableqk@smh.com.au,Male,2016-11-04,841
958,Phaidra,Mounsie,pmounsieql@mtv.com,Female,2019-03-19,450
959,Alister,Ciobutaro,aciobutaroqm@prlog.org,Male,2014-04-28,677
960,Win,Grout,wgroutqn@ftc.gov,Agender,1991-04-14,776
961,Becka,Radbone,bradboneqo@addtoany.com,Agender,2003-05-16,452
962,Almeda,Suddaby,asuddabyqp@bandcamp.com,Genderfluid,1991-02-03,307
963,Lucilia,McCrory,lmccroryqq@prlog.org,Female,2023-11-08,719
964,Nial,Freund,nfreundqr@gizmodo.com,Male,2004-12-21,648
965,Launce,Groucutt,lgroucuttqs@prnewswire.com,Male,2018-03-11,499
966,Horace,Mollin,hmollinqt@blog.com,Male,2013-01-01,468
967,Janeva,Graysmark,jgraysmarkqu@people.com.cn,Female,2014-09-28,449
968,Alon,Casebourne,acasebourneqv@pinterest.com,Male,2018-09-25,219
969,Adelice,Fewell,afewellqw@springer.com,Female,2006-04-16,217
970,Amery,Hearl,ahearlqx@acquirethisname.com,Male,2008-08-26,235
971,Tamarra,Haquard,thaquardqy@wiley.com,Female,2019-04-08,461
972,Averil,Betser,abetserqz@blogger.com,Female,2011-12-20,779
973,Gae,Mollett,gmollettr0@statcounter.com,Female,2013-05-04,412
974,Clarisse,Evitt,cevittr1@comcast.net,Female,1998-02-27,382
975,Renee,Boyce,rboycer2@wunderground.com,Female,1993-04-13,485
976,Walliw,Jeavon,wjeavonr3@wikia.com,Female,2021-02-18,176
977,Brittni,MacKee,bmackeer4@amazon.co.uk,Polygender,2000-07-17,803
978,Wilhelm,Collingwood,wcollingwoodr5@qq.com,Male,2011-06-09,793
979,Byrom,Kinsett,bkinsettr6@weather.com,Male,1998-09-29,464
980,Allyce,McElory,amceloryr7@homestead.com,Female,2013-04-17,338
981,Jenine,Broinlich,jbroinlichr8@xing.com,Female,1994-05-05,735
982,Marcille,Desmond,mdesmondr9@theglobeandmail.com,Female,2008-10-21,289
983,Adriana,Fussell,afussellra@army.mil,Female,2008-03-31,166
984,Sheila-kathryn,Jakes,sjakesrb@ft.com,Female,2006-06-25,530
985,Burr,Elliker,bellikerrc@nature.com,Male,2015-07-01,948
986,Frederich,Pennick,fpennickrd@arstechnica.com,Male,2004-10-25,926
987,Garnet,Pfeuffer,gpfeufferre@ustream.tv,Female,1990-09-25,697
988,Benny,Colter,bcolterrf@oaic.gov.au,Genderqueer,2022-01-02,598
989,Yank,Scintsbury,yscintsburyrg@seattletimes.com,Male,2006-06-01,363
990,Tanya,Jacquemard,tjacquemardrh@youtube.com,Female,2022-03-20,415
991,Ewan,Barde,ebarderi@bloglovin.com,Male,2022-05-09,365
992,Adriaens,Mallinson,amallinsonrj@storify.com,Female,2003-09-13,547
993,Trumaine,Gillyatt,tgillyattrk@goo.gl,Bigender,1995-07-13,163
994,Cheri,Flattman,cflattmanrl@walmart.com,Female,2023-03-24,984
995,Ellary,Casswell,ecasswellrm@cyberchimps.com,Male,1997-08-15,901
996,Lexie,Maggs,lmaggsrn@mozilla.org,Female,2019-03-16,149
997,Conrade,Moreno,cmorenoro@ca.gov,Non-binary,2002-04-25,707
998,Marilyn,Matyushonok,mmatyushonokrp@xinhuanet.com,Female,1995-04-15,714
999,Blane,Dyson,bdysonrq@1688.com,Male,1990-08-10,396
1000,Nappie,Manntschke,nmanntschkerr@comcast.net,Non-binary,2002-07-21,789
